{
  "Total_Trades": 52,
  "Winning_Trades": 20,
  "Win_Rate": 38.46153846153847,
  "Gross_PnL": 3099.1425312499996,
  "Total_Fees": 778.63403054375,
  "Net_PnL": 2320.5085007062494,
  "Profit_Factor": 1.6886447624557288,
  "Long_Trades": 4,
  "Short_Trades": 48,
  "Long_PnL": 685.0724853374994,
  "Short_PnL": 1635.4360153687498
}